name,date,time
Dr. Salma,2024-01-01,10:00
Dr. Salma,2024-01-02,10:00
Dr. Salma,2024-01-03,10:00
Dr. Salma,2024-01-04,10:00
Dr. Salma,2024-01-05,10:00
Dr. Salma,2024-01-06,10:00
Dr. Salma,2024-01-07,10:00
Dr. Salma,2024-01-08,10:00
Dr. Salma,2024-01-09,10:00
Dr. Salma,2024-01-10,10:00
Dr. Salma,2024-01-11,10:00
Dr. Salma,2024-01-12,10:00
Dr. Salma,2024-01-13,10:00
Dr. Salma,2024-01-14,10:00
Dr. Salma,2024-01-15,10:00
Dr. Salma,2024-01-16,10:00
Dr. Salma,2024-01-17,10:00
Dr. Salma,2024-01-18,10:00
Dr. Salma,2024-01-19,10:00
Dr. Salma,2024-01-20,10:00
Dr. Salma,2024-01-21,10:00
Dr. Salma,2024-01-22,10:00
Dr. Salma,2024-01-23,10:00
Dr. Salma,2024-01-24,10:00
Dr. Salma,2024-01-25,10:00
Dr. Salma,2024-01-26,10:00
Dr. Salma,2024-01-27,10:00
Dr. Salma,2024-01-28,10:00
Dr. Salma,2024-01-29,10:00
Dr. Salma,2024-01-30,10:00
Dr. Salma,2024-01-31,10:00
Dr. Salma,2024-02-01,10:00
Dr. Salma,2024-02-02,10:00
Dr. Salma,2024-02-03,10:00
Dr. Salma,2024-02-04,10:00
Dr. Salma,2024-02-05,10:00
Dr. Salma,2024-02-06,10:00
Dr. Salma,2024-02-07,10:00
Dr. Salma,2024-02-08,10:00
Dr. Salma,2024-02-09,10:00
Dr. Salma,2024-02-10,10:00
Dr. Salma,2024-02-11,10:00
Dr. Salma,2024-02-12,10:00
Dr. Salma,2024-02-13,10:00
Dr. Salma,2024-02-14,10:00
Dr. Salma,2024-02-15,10:00
Dr. Salma,2024-02-16,10:00
Dr. Salma,2024-02-17,10:00
Dr. Salma,2024-02-18,10:00
Dr. Salma,2024-02-19,10:00
Dr. Salma,2024-02-20,10:00
Dr. Salma,2024-02-21,10:00
Dr. Salma,2024-02-22,10:00
Dr. Salma,2024-02-23,10:00
Dr. Salma,2024-02-24,10:00
Dr. Salma,2024-02-25,10:00
Dr. Salma,2024-02-26,10:00
Dr. Salma,2024-02-27,10:00
Dr. Salma,2024-02-28,10:00
Dr. Salma,2024-02-29,10:00
Dr. Salma,2024-03-01,10:00
Dr. Salma,2024-03-02,10:00
Dr. Salma,2024-03-03,10:00
Dr. Salma,2024-03-04,10:00
Dr. Salma,2024-03-05,10:00
Dr. Salma,2024-03-06,10:00
Dr. Salma,2024-03-07,10:00
Dr. Salma,2024-03-08,10:00
Dr. Salma,2024-03-09,10:00
Dr. Salma,2024-03-10,10:00
Dr. Salma,2024-03-11,10:00
Dr. Salma,2024-03-12,10:00
Dr. Salma,2024-03-13,10:00
Dr. Salma,2024-03-14,10:00
Dr. Salma,2024-03-15,10:00
Dr. Salma,2024-03-16,10:00
Dr. Salma,2024-03-17,10:00
Dr. Salma,2024-03-18,10:00
Dr. Salma,2024-03-19,10:00
Dr. Salma,2024-03-20,10:00
Dr. Salma,2024-03-21,10:00
Dr. Salma,2024-03-22,10:00
Dr. Salma,2024-03-23,10:00
Dr. Salma,2024-03-24,10:00
Dr. Salma,2024-03-25,10:00
Dr. Salma,2024-03-26,10:00
Dr. Salma,2024-03-27,10:00
Dr. Salma,2024-03-28,10:00
Dr. Salma,2024-03-29,10:00
Dr. Salma,2024-03-30,10:00
Dr. Salma,2024-03-31,10:00
Dr. Salma,2024-04-01,10:00
Dr. Salma,2024-04-02,10:00
Dr. Salma,2024-04-03,10:00
Dr. Salma,2024-04-04,10:00
Dr. Salma,2024-04-05,10:00
Dr. Salma,2024-04-06,10:00
Dr. Salma,2024-04-07,10:00
Dr. Salma,2024-04-08,10:00
Dr. Salma,2024-04-09,10:00
Dr. Salma,2024-04-10,10:00
Dr. Salma,2024-04-11,10:00
Dr. Salma,2024-04-12,10:00
Dr. Salma,2024-04-13,10:00
Dr. Salma,2024-04-14,10:00
Dr. Salma,2024-04-15,10:00
Dr. Salma,2024-04-16,10:00
Dr. Salma,2024-04-17,10:00
Dr. Salma,2024-04-18,10:00
Dr. Salma,2024-04-19,10:00
Dr. Salma,2024-04-20,10:00
Dr. Salma,2024-04-21,10:00
Dr. Salma,2024-04-22,10:00
Dr. Salma,2024-04-23,10:00
Dr. Salma,2024-04-24,10:00
Dr. Salma,2024-04-25,10:00
Dr. Salma,2024-04-26,10:00
Dr. Salma,2024-04-27,10:00
Dr. Salma,2024-04-28,10:00
Dr. Salma,2024-04-29,10:00
Dr. Salma,2024-04-30,10:00
Dr. Salma,2024-05-01,10:00
Dr. Salma,2024-05-02,10:00
Dr. Salma,2024-05-03,10:00
Dr. Salma,2024-05-04,10:00
Dr. Salma,2024-05-05,10:00
Dr. Salma,2024-05-06,10:00
Dr. Salma,2024-05-07,10:00
Dr. Salma,2024-05-08,10:00
Dr. Salma,2024-05-09,10:00
Dr. Salma,2024-05-10,10:00
Dr. Salma,2024-05-11,10:00
Dr. Salma,2024-05-12,10:00
Dr. Salma,2024-05-13,10:00
Dr. Salma,2024-05-14,10:00
Dr. Salma,2024-05-15,10:00
Dr. Salma,2024-05-16,10:00
Dr. Salma,2024-05-17,10:00
Dr. Salma,2024-05-18,10:00
Dr. Salma,2024-05-19,10:00
Dr. Salma,2024-05-20,10:00
Dr. Salma,2024-05-21,10:00
Dr. Salma,2024-05-22,10:00
Dr. Salma,2024-05-23,10:00
Dr. Salma,2024-05-24,10:00
Dr. Salma,2024-05-25,10:00
Dr. Salma,2024-05-26,10:00
Dr. Salma,2024-05-27,10:00
Dr. Salma,2024-05-28,10:00
Dr. Salma,2024-05-29,10:00
Dr. Gutturu Keerthi,2024-01-01,10:00
Dr. Gutturu Keerthi,2024-01-02,10:00
Dr. Gutturu Keerthi,2024-01-03,10:00
Dr. Gutturu Keerthi,2024-01-04,10:00
Dr. Gutturu Keerthi,2024-01-05,10:00
Dr. Gutturu Keerthi,2024-01-06,10:00
Dr. Gutturu Keerthi,2024-01-07,10:00
Dr. Gutturu Keerthi,2024-01-08,10:00
Dr. Gutturu Keerthi,2024-01-09,10:00
Dr. Gutturu Keerthi,2024-01-10,10:00
Dr. Gutturu Keerthi,2024-01-11,10:00
Dr. Gutturu Keerthi,2024-01-12,10:00
Dr. Gutturu Keerthi,2024-01-13,10:00
Dr. Gutturu Keerthi,2024-01-14,10:00
Dr. Gutturu Keerthi,2024-01-15,10:00
Dr. Gutturu Keerthi,2024-01-16,10:00
Dr. Gutturu Keerthi,2024-01-17,10:00
Dr. Gutturu Keerthi,2024-01-18,10:00
Dr. Gutturu Keerthi,2024-01-19,10:00
Dr. Gutturu Keerthi,2024-01-20,10:00
Dr. Gutturu Keerthi,2024-01-21,10:00
Dr. Gutturu Keerthi,2024-01-22,10:00
Dr. Gutturu Keerthi,2024-01-23,10:00
Dr. Gutturu Keerthi,2024-01-24,10:00
Dr. Gutturu Keerthi,2024-01-25,10:00
Dr. Gutturu Keerthi,2024-01-26,10:00
Dr. Gutturu Keerthi,2024-01-27,10:00
Dr. Gutturu Keerthi,2024-01-28,10:00
Dr. Gutturu Keerthi,2024-01-29,10:00
Dr. Gutturu Keerthi,2024-01-30,10:00
Dr. Gutturu Keerthi,2024-01-31,10:00
Dr. Gutturu Keerthi,2024-02-01,10:00
Dr. Gutturu Keerthi,2024-02-02,10:00
Dr. Gutturu Keerthi,2024-02-03,10:00
Dr. Gutturu Keerthi,2024-02-04,10:00
Dr. Gutturu Keerthi,2024-02-05,10:00
Dr. Gutturu Keerthi,2024-02-06,10:00
Dr. Gutturu Keerthi,2024-02-07,10:00
Dr. Gutturu Keerthi,2024-02-08,10:00
Dr. Gutturu Keerthi,2024-02-09,10:00
Dr. Gutturu Keerthi,2024-02-10,10:00
Dr. Gutturu Keerthi,2024-02-11,10:00
Dr. Gutturu Keerthi,2024-02-12,10:00
Dr. Gutturu Keerthi,2024-02-13,10:00
Dr. Gutturu Keerthi,2024-02-14,10:00
Dr. Gutturu Keerthi,2024-02-15,10:00
Dr. Gutturu Keerthi,2024-02-16,10:00
Dr. Gutturu Keerthi,2024-02-17,10:00
Dr. Gutturu Keerthi,2024-02-18,10:00
Dr. Gutturu Keerthi,2024-02-19,10:00
Dr. Gutturu Keerthi,2024-02-20,10:00
Dr. Gutturu Keerthi,2024-02-21,10:00
Dr. Gutturu Keerthi,2024-02-22,10:00
Dr. Gutturu Keerthi,2024-02-23,10:00
Dr. Gutturu Keerthi,2024-02-24,10:00
Dr. Gutturu Keerthi,2024-02-25,10:00
Dr. Gutturu Keerthi,2024-02-26,10:00
Dr. Gutturu Keerthi,2024-02-27,10:00
Dr. Gutturu Keerthi,2024-02-28,10:00
Dr. Gutturu Keerthi,2024-02-29,10:00
Dr. Gutturu Keerthi,2024-03-01,10:00
Dr. Gutturu Keerthi,2024-03-02,10:00
Dr. Gutturu Keerthi,2024-03-03,10:00
Dr. Gutturu Keerthi,2024-03-04,10:00
Dr. Gutturu Keerthi,2024-03-05,10:00
Dr. Gutturu Keerthi,2024-03-06,10:00
Dr. Gutturu Keerthi,2024-03-07,10:00
Dr. Gutturu Keerthi,2024-03-08,10:00
Dr. Gutturu Keerthi,2024-03-09,10:00
Dr. Gutturu Keerthi,2024-03-10,10:00
Dr. Gutturu Keerthi,2024-03-11,10:00
Dr. Gutturu Keerthi,2024-03-12,10:00
Dr. Gutturu Keerthi,2024-03-13,10:00
Dr. Gutturu Keerthi,2024-03-14,10:00
Dr. Gutturu Keerthi,2024-03-15,10:00
Dr. Gutturu Keerthi,2024-03-16,10:00
Dr. Gutturu Keerthi,2024-03-17,10:00
Dr. Gutturu Keerthi,2024-03-18,10:00
Dr. Gutturu Keerthi,2024-03-19,10:00
Dr. Gutturu Keerthi,2024-03-20,10:00
Dr. Gutturu Keerthi,2024-03-21,10:00
Dr. Gutturu Keerthi,2024-03-22,10:00
Dr. Gutturu Keerthi,2024-03-23,10:00
Dr. Gutturu Keerthi,2024-03-24,10:00
Dr. Gutturu Keerthi,2024-03-25,10:00
Dr. Gutturu Keerthi,2024-03-26,10:00
Dr. Gutturu Keerthi,2024-03-27,10:00
Dr. Gutturu Keerthi,2024-03-28,10:00
Dr. Gutturu Keerthi,2024-03-29,10:00
Dr. Gutturu Keerthi,2024-03-30,10:00
Dr. Gutturu Keerthi,2024-03-31,10:00
Dr. Gutturu Keerthi,2024-04-01,10:00
Dr. Gutturu Keerthi,2024-04-02,10:00
Dr. Gutturu Keerthi,2024-04-03,10:00
Dr. Gutturu Keerthi,2024-04-04,10:00
Dr. Gutturu Keerthi,2024-04-05,10:00
Dr. Gutturu Keerthi,2024-04-06,10:00
Dr. Gutturu Keerthi,2024-04-07,10:00
Dr. Gutturu Keerthi,2024-04-08,10:00
Dr. Gutturu Keerthi,2024-04-09,10:00
Dr. Gutturu Keerthi,2024-04-10,10:00
Dr. Gutturu Keerthi,2024-04-11,10:00
Dr. Gutturu Keerthi,2024-04-12,10:00
Dr. Gutturu Keerthi,2024-04-13,10:00
Dr. Gutturu Keerthi,2024-04-14,10:00
Dr. Gutturu Keerthi,2024-04-15,10:00
Dr. Gutturu Keerthi,2024-04-16,10:00
Dr. Gutturu Keerthi,2024-04-17,10:00
Dr. Gutturu Keerthi,2024-04-18,10:00
Dr. Gutturu Keerthi,2024-04-19,10:00
Dr. Gutturu Keerthi,2024-04-20,10:00
Dr. Gutturu Keerthi,2024-04-21,10:00
Dr. Naveena Yadav,2024-01-01,10:00
Dr. Naveena Yadav,2024-01-02,10:00
Dr. Naveena Yadav,2024-01-03,10:00
Dr. Naveena Yadav,2024-01-04,10:00
Dr. Naveena Yadav,2024-01-05,10:00
Dr. Naveena Yadav,2024-01-06,10:00
Dr. Naveena Yadav,2024-01-07,10:00
Dr. Naveena Yadav,2024-01-08,10:00
Dr. Naveena Yadav,2024-01-09,10:00
Dr. Naveena Yadav,2024-01-10,10:00
Dr. Naveena Yadav,2024-01-11,10:00
Dr. Naveena Yadav,2024-01-12,10:00
Dr. Naveena Yadav,2024-01-13,10:00
Dr. Naveena Yadav,2024-01-14,10:00
Dr. Naveena Yadav,2024-01-15,10:00
Dr. Naveena Yadav,2024-01-16,10:00
Dr. Naveena Yadav,2024-01-17,10:00
Dr. Naveena Yadav,2024-01-18,10:00
Dr. Naveena Yadav,2024-01-19,10:00
Dr. Naveena Yadav,2024-01-20,10:00
Dr. Naveena Yadav,2024-01-21,10:00
Dr. Naveena Yadav,2024-01-22,10:00
Dr. Naveena Yadav,2024-01-23,10:00
Dr. Naveena Yadav,2024-01-24,10:00
Dr. Naveena Yadav,2024-01-25,10:00
Dr. Naveena Yadav,2024-01-26,10:00
Dr. Naveena Yadav,2024-01-27,10:00
Dr. Naveena Yadav,2024-01-28,10:00
Dr. Naveena Yadav,2024-01-29,10:00
Dr. Naveena Yadav,2024-01-30,10:00
Dr. Naveena Yadav,2024-01-31,10:00
Dr. Naveena Yadav,2024-02-01,10:00
Dr. Naveena Yadav,2024-02-02,10:00
Dr. Naveena Yadav,2024-02-03,10:00
Dr. Naveena Yadav,2024-02-04,10:00
Dr. Naveena Yadav,2024-02-05,10:00
Dr. Naveena Yadav,2024-02-06,10:00
Dr. Naveena Yadav,2024-02-07,10:00
Dr. Naveena Yadav,2024-02-08,10:00
Dr. Naveena Yadav,2024-02-09,10:00
Dr. Naveena Yadav,2024-02-10,10:00
Dr. Naveena Yadav,2024-02-11,10:00
Dr. Naveena Yadav,2024-02-12,10:00
Dr. Naveena Yadav,2024-02-13,10:00
Dr. Naveena Yadav,2024-02-14,10:00
Dr. Naveena Yadav,2024-02-15,10:00
Dr. Naveena Yadav,2024-02-16,10:00
Dr. Naveena Yadav,2024-02-17,10:00
Dr. Naveena Yadav,2024-02-18,10:00
Dr. Naveena Yadav,2024-02-19,10:00
Dr. Naveena Yadav,2024-02-20,10:00
Dr. Naveena Yadav,2024-02-21,10:00
Dr. Naveena Yadav,2024-02-22,10:00
Dr. Naveena Yadav,2024-02-23,10:00
Dr. Naveena Yadav,2024-02-24,10:00
Dr. Naveena Yadav,2024-02-25,10:00
Dr. Naveena Yadav,2024-02-26,10:00
Dr. Naveena Yadav,2024-02-27,10:00
Dr. Naveena Yadav,2024-02-28,10:00
Dr. Naveena Yadav,2024-02-29,10:00
Dr. Naveena Yadav,2024-03-01,10:00
Dr. Naveena Yadav,2024-03-02,10:00
Dr. Naveena Yadav,2024-03-03,10:00
Dr. Naveena Yadav,2024-03-04,10:00
Dr. Naveena Yadav,2024-03-05,10:00
Dr. Naveena Yadav,2024-03-06,10:00
Dr. Naveena Yadav,2024-03-07,10:00
Dr. Naveena Yadav,2024-03-08,10:00
Dr. Naveena Yadav,2024-03-09,10:00
Dr. Naveena Yadav,2024-03-10,10:00
Dr. Naveena Yadav,2024-03-11,10:00
Dr. Naveena Yadav,2024-03-12,10:00
Dr. Naveena Yadav,2024-03-13,10:00
Dr. Naveena Yadav,2024-03-14,10:00
Dr. Naveena Yadav,2024-03-15,10:00
Dr. Naveena Yadav,2024-03-16,10:00
Dr. Naveena Yadav,2024-03-17,10:00
Dr. Naveena Yadav,2024-03-18,10:00
Dr. Naveena Yadav,2024-03-19,10:00
Dr. Naveena Yadav,2024-03-20,10:00
Dr. Naveena Yadav,2024-03-21,10:00
Dr. Naveena Yadav,2024-03-22,10:00
Dr. Naveena Yadav,2024-03-23,10:00
Dr. Naveena Yadav,2024-03-24,10:00
Dr. Naveena Yadav,2024-03-25,10:00
Dr. Naveena Yadav,2024-03-26,10:00
Dr. Naveena Yadav,2024-03-27,10:00
Dr. Naveena Yadav,2024-03-28,10:00
Dr. Naveena Yadav,2024-03-29,10:00
Dr. Naveena Yadav,2024-03-30,10:00
Dr. Naveena Yadav,2024-03-31,10:00
Dr. Naveena Yadav,2024-04-01,10:00
Dr. Naveena Yadav,2024-04-02,10:00
Dr. Naveena Yadav,2024-04-03,10:00
Dr. Naveena Yadav,2024-04-04,10:00
Dr. Naveena Yadav,2024-04-05,10:00
Dr. Naveena Yadav,2024-04-06,10:00
Dr. Naveena Yadav,2024-04-07,10:00
Dr. Naveena Yadav,2024-04-08,10:00
Dr. Naveena Yadav,2024-04-09,10:00
Dr. Naveena Yadav,2024-04-10,10:00
Dr. Naveena Yadav,2024-04-11,10:00
Dr. Naveena Yadav,2024-04-12,10:00
Dr. Naveena Yadav,2024-04-13,10:00
Dr. Naveena Yadav,2024-04-14,10:00
Dr. Naveena Yadav,2024-04-15,10:00
Dr. Naveena Yadav,2024-04-16,10:00
Dr. Naveena Yadav,2024-04-17,10:00
Dr. Naveena Yadav,2024-04-18,10:00
Dr. Naveena Yadav,2024-04-19,10:00
Dr. Naveena Yadav,2024-04-20,10:00
Dr. Naveena Yadav,2024-04-21,10:00
Dr. Nalagasula Swetha,2024-01-01,10:00
Dr. Nalagasula Swetha,2024-01-02,10:00
Dr. Nalagasula Swetha,2024-01-03,10:00
Dr. Nalagasula Swetha,2024-01-04,10:00
Dr. Nalagasula Swetha,2024-01-05,10:00
Dr. Nalagasula Swetha,2024-01-06,10:00
Dr. Nalagasula Swetha,2024-01-07,10:00
Dr. Nalagasula Swetha,2024-01-08,10:00
Dr. Nalagasula Swetha,2024-01-09,10:00
Dr. Nalagasula Swetha,2024-01-10,10:00
Dr. Nalagasula Swetha,2024-01-11,10:00
Dr. Nalagasula Swetha,2024-01-12,10:00
Dr. Nalagasula Swetha,2024-01-13,10:00
Dr. Nalagasula Swetha,2024-01-14,10:00
Dr. Nalagasula Swetha,2024-01-15,10:00
Dr. Nalagasula Swetha,2024-01-16,10:00
Dr. Nalagasula Swetha,2024-01-17,10:00
Dr. Nalagasula Swetha,2024-01-18,10:00
Dr. Nalagasula Swetha,2024-01-19,10:00
Dr. Nalagasula Swetha,2024-01-20,10:00
Dr. Nalagasula Swetha,2024-01-21,10:00
Dr. Nalagasula Swetha,2024-01-22,10:00
Dr. Nalagasula Swetha,2024-01-23,10:00
Dr. Nalagasula Swetha,2024-01-24,10:00
Dr. Nalagasula Swetha,2024-01-25,10:00
Dr. Nalagasula Swetha,2024-01-26,10:00
Dr. Nalagasula Swetha,2024-01-27,10:00
Dr. Nalagasula Swetha,2024-01-28,10:00
Dr. Nalagasula Swetha,2024-01-29,10:00
Dr. Nalagasula Swetha,2024-01-30,10:00
Dr. Nalagasula Swetha,2024-01-31,10:00
Dr. Nalagasula Swetha,2024-02-01,10:00
Dr. Nalagasula Swetha,2024-02-02,10:00
Dr. Nalagasula Swetha,2024-02-03,10:00
Dr. Nalagasula Swetha,2024-02-04,10:00
Dr. Nalagasula Swetha,2024-02-05,10:00
Dr. Nalagasula Swetha,2024-02-06,10:00
Dr. Nalagasula Swetha,2024-02-07,10:00
Dr. Nalagasula Swetha,2024-02-08,10:00
Dr. Nalagasula Swetha,2024-02-09,10:00
Dr. Nalagasula Swetha,2024-02-10,10:00
Dr. Nalagasula Swetha,2024-02-11,10:00
Dr. Nalagasula Swetha,2024-02-12,10:00
Dr. Nalagasula Swetha,2024-02-13,10:00
Dr. Nalagasula Swetha,2024-02-14,10:00
Dr. Nalagasula Swetha,2024-02-15,10:00
Dr. Nalagasula Swetha,2024-02-16,10:00
Dr. Nalagasula Swetha,2024-02-17,10:00
Dr. Nalagasula Swetha,2024-02-18,10:00
Dr. Nalagasula Swetha,2024-02-19,10:00
Dr. Nalagasula Swetha,2024-02-20,10:00
Dr. Nalagasula Swetha,2024-02-21,10:00
Dr. Nalagasula Swetha,2024-02-22,10:00
Dr. Nalagasula Swetha,2024-02-23,10:00
Dr. Nalagasula Swetha,2024-02-24,10:00
Dr. Nalagasula Swetha,2024-02-25,10:00
Dr. Nalagasula Swetha,2024-02-26,10:00
Dr. Nalagasula Swetha,2024-02-27,10:00
Dr. Nalagasula Swetha,2024-02-28,10:00
Dr. Nalagasula Swetha,2024-02-29,10:00
Dr. Nalagasula Swetha,2024-03-01,10:00
Dr. Nalagasula Swetha,2024-03-02,10:00
Dr. Nalagasula Swetha,2024-03-03,10:00
Dr. Nalagasula Swetha,2024-03-04,10:00
Dr. Nalagasula Swetha,2024-03-05,10:00
Dr. Nalagasula Swetha,2024-03-06,10:00
Dr. Nalagasula Swetha,2024-03-07,10:00
Dr. Nalagasula Swetha,2024-03-08,10:00
Dr. Nalagasula Swetha,2024-03-09,10:00
Dr. Nalagasula Swetha,2024-03-10,10:00
Dr. Nalagasula Swetha,2024-03-11,10:00
Dr. Nalagasula Swetha,2024-03-12,10:00
Dr. Nalagasula Swetha,2024-03-13,10:00
Dr. Nalagasula Swetha,2024-03-14,10:00
Dr. Nalagasula Swetha,2024-03-15,10:00
Dr. Nalagasula Swetha,2024-03-16,10:00
Dr. Nalagasula Swetha,2024-03-17,10:00
Dr. Nalagasula Swetha,2024-03-18,10:00
Dr. Nalagasula Swetha,2024-03-19,10:00
Dr. Nalagasula Swetha,2024-03-20,10:00
Dr. Nalagasula Swetha,2024-03-21,10:00
Dr. Nalagasula Swetha,2024-03-22,10:00
Dr. Nalagasula Swetha,2024-03-23,10:00
Dr. Nalagasula Swetha,2024-03-24,10:00
Dr. Nalagasula Swetha,2024-03-25,10:00
Dr. Nalagasula Swetha,2024-03-26,10:00
Dr. Nalagasula Swetha,2024-03-27,10:00
Dr. Nalagasula Swetha,2024-03-28,10:00
Dr. Nalagasula Swetha,2024-03-29,10:00
Dr. Nalagasula Swetha,2024-03-30,10:00
Dr. Nalagasula Swetha,2024-03-31,10:00
Dr. Nalagasula Swetha,2024-04-01,10:00
Dr. Nalagasula Swetha,2024-04-02,10:00
Dr. Nalagasula Swetha,2024-04-03,10:00
Dr. Nalagasula Swetha,2024-04-04,10:00
Dr. Nalagasula Swetha,2024-04-05,10:00
Dr. Nalagasula Swetha,2024-04-06,10:00
Dr. Nalagasula Swetha,2024-04-07,10:00
Dr. Nalagasula Swetha,2024-04-08,10:00
Dr. Nalagasula Swetha,2024-04-09,10:00
Dr. Nalagasula Swetha,2024-04-10,10:00
Dr. Nalagasula Swetha,2024-04-11,10:00
Dr. Nalagasula Swetha,2024-04-12,10:00
Dr. Nalagasula Swetha,2024-04-13,10:00
Dr. Nalagasula Swetha,2024-04-14,10:00
Dr. Nalagasula Swetha,2024-04-15,10:00
Dr. Nalagasula Swetha,2024-04-16,10:00
Dr. Nalagasula Swetha,2024-04-17,10:00
Dr. Nalagasula Swetha,2024-04-18,10:00
Dr. Hemanth,2024-01-01,10:00
Dr. Hemanth,2024-01-02,10:00
Dr. Hemanth,2024-01-03,10:00
Dr. Hemanth,2024-01-04,10:00
Dr. Hemanth,2024-01-05,10:00
Dr. Hemanth,2024-01-06,10:00
Dr. Hemanth,2024-01-07,10:00
Dr. Hemanth,2024-01-08,10:00
Dr. Hemanth,2024-01-09,10:00
Dr. Hemanth,2024-01-10,10:00
Dr. Hemanth,2024-01-11,10:00
Dr. Hemanth,2024-01-12,10:00
Dr. Hemanth,2024-01-13,10:00
Dr. Hemanth,2024-01-14,10:00
Dr. Hemanth,2024-01-15,10:00
Dr. Hemanth,2024-01-16,10:00
Dr. Hemanth,2024-01-17,10:00
Dr. Hemanth,2024-01-18,10:00
Dr. Hemanth,2024-01-19,10:00
Dr. Hemanth,2024-01-20,10:00
Dr. Hemanth,2024-01-21,10:00
Dr. Hemanth,2024-01-22,10:00
Dr. Hemanth,2024-01-23,10:00
Dr. Hemanth,2024-01-24,10:00
Dr. Hemanth,2024-01-25,10:00
Dr. Hemanth,2024-01-26,10:00
Dr. Hemanth,2024-01-27,10:00
Dr. Hemanth,2024-01-28,10:00
Dr. Hemanth,2024-01-29,10:00
Dr. Hemanth,2024-01-30,10:00
Dr. Hemanth,2024-01-31,10:00
Dr. Hemanth,2024-02-01,10:00
Dr. Hemanth,2024-02-02,10:00
Dr. Hemanth,2024-02-03,10:00
Dr. Hemanth,2024-02-04,10:00
Dr. Hemanth,2024-02-05,10:00
Dr. Hemanth,2024-02-06,10:00
Dr. Hemanth,2024-02-07,10:00
Dr. Hemanth,2024-02-08,10:00
Dr. Hemanth,2024-02-09,10:00
Dr. Hemanth,2024-02-10,10:00
Dr. Hemanth,2024-02-11,10:00
Dr. Hemanth,2024-02-12,10:00
Dr. Hemanth,2024-02-13,10:00
Dr. Hemanth,2024-02-14,10:00
Dr. Hemanth,2024-02-15,10:00
Dr. Hemanth,2024-02-16,10:00
Dr. Hemanth,2024-02-17,10:00
Dr. Hemanth,2024-02-18,10:00
Dr. Hemanth,2024-02-19,10:00
Dr. Hemanth,2024-02-20,10:00
Dr. Hemanth,2024-02-21,10:00
Dr. Hemanth,2024-02-22,10:00
Dr. Hemanth,2024-02-23,10:00
Dr. Hemanth,2024-02-24,10:00
Dr. Hemanth,2024-02-25,10:00
Dr. Hemanth,2024-02-26,10:00
Dr. Hemanth,2024-02-27,10:00
Dr. Hemanth,2024-02-28,10:00
Dr. Hemanth,2024-02-29,10:00
Dr. Hemanth,2024-03-01,10:00
Dr. Hemanth,2024-03-02,10:00
Dr. Hemanth,2024-03-03,10:00
Dr. Hemanth,2024-03-04,10:00
Dr. Hemanth,2024-03-05,10:00
Dr. Hemanth,2024-03-06,10:00
Dr. Hemanth,2024-03-07,10:00
Dr. Hemanth,2024-03-08,10:00
Dr. Hemanth,2024-03-09,10:00
Dr. Hemanth,2024-03-10,10:00
Dr. Hemanth,2024-03-11,10:00
Dr. Hemanth,2024-03-12,10:00
Dr. Hemanth,2024-03-13,10:00
Dr. Hemanth,2024-03-14,10:00
Dr. Hemanth,2024-03-15,10:00
Dr. Hemanth,2024-03-16,10:00
Dr. Hemanth,2024-03-17,10:00
Dr. Hemanth,2024-03-18,10:00
Dr. Hemanth,2024-03-19,10:00
Dr. Hemanth,2024-03-20,10:00
Dr. Hemanth,2024-03-21,10:00
Dr. Hemanth,2024-03-22,10:00
Dr. Hemanth,2024-03-23,10:00
Dr. Hemanth,2024-03-24,10:00
Dr. Hemanth,2024-03-25,10:00
Dr. Hemanth,2024-03-26,10:00
Dr. Hemanth,2024-03-27,10:00
Dr. Hemanth,2024-03-28,10:00
Dr. Hemanth,2024-03-29,10:00
Dr. Hemanth,2024-03-30,10:00
Dr. Hemanth,2024-03-31,10:00
Dr. Hemanth,2024-04-01,10:00
Dr. Hemanth,2024-04-02,10:00
Dr. Hemanth,2024-04-03,10:00
Dr. Hemanth,2024-04-04,10:00
Dr. Hemanth,2024-04-05,10:00
Dr. Hemanth,2024-04-06,10:00
Dr. Hemanth,2024-04-07,10:00
Dr. Hemanth,2024-04-08,10:00
Dr. Hemanth,2024-04-09,10:00
Dr. Hemanth,2024-04-10,10:00
Dr. Hemanth,2024-04-11,10:00
Dr. Hemanth,2024-04-12,10:00
Dr. Hemanth,2024-04-13,10:00
Dr. Karthik,2024-01-01,10:00
Dr. Karthik,2024-01-02,10:00
Dr. Karthik,2024-01-03,10:00
Dr. Karthik,2024-01-04,10:00
Dr. Karthik,2024-01-05,10:00
Dr. Karthik,2024-01-06,10:00
Dr. Karthik,2024-01-07,10:00
Dr. Karthik,2024-01-08,10:00
Dr. Karthik,2024-01-09,10:00
Dr. Karthik,2024-01-10,10:00
Dr. Karthik,2024-01-11,10:00
Dr. Karthik,2024-01-12,10:00
Dr. Karthik,2024-01-13,10:00
Dr. Karthik,2024-01-14,10:00
Dr. Karthik,2024-01-15,10:00
Dr. Karthik,2024-01-16,10:00
Dr. Karthik,2024-01-17,10:00
Dr. Karthik,2024-01-18,10:00
Dr. Karthik,2024-01-19,10:00
Dr. Karthik,2024-01-20,10:00
Dr. Karthik,2024-01-21,10:00
Dr. Karthik,2024-01-22,10:00
Dr. Karthik,2024-01-23,10:00
Dr. Karthik,2024-01-24,10:00
Dr. Karthik,2024-01-25,10:00
Dr. Karthik,2024-01-26,10:00
Dr. Karthik,2024-01-27,10:00
Dr. Karthik,2024-01-28,10:00
Dr. Karthik,2024-01-29,10:00
Dr. Karthik,2024-01-30,10:00
Dr. Karthik,2024-01-31,10:00
Dr. Karthik,2024-02-01,10:00
Dr. Karthik,2024-02-02,10:00
Dr. Karthik,2024-02-03,10:00
Dr. Karthik,2024-02-04,10:00
Dr. Karthik,2024-02-05,10:00
Dr. Karthik,2024-02-06,10:00
Dr. Karthik,2024-02-07,10:00
Dr. Karthik,2024-02-08,10:00
Dr. Karthik,2024-02-09,10:00
Dr. Karthik,2024-02-10,10:00
Dr. Karthik,2024-02-11,10:00
Dr. Karthik,2024-02-12,10:00
Dr. Karthik,2024-02-13,10:00
Dr. Karthik,2024-02-14,10:00
Dr. Karthik,2024-02-15,10:00
Dr. Karthik,2024-02-16,10:00
Dr. Karthik,2024-02-17,10:00
Dr. Karthik,2024-02-18,10:00
Dr. Karthik,2024-02-19,10:00
Dr. Karthik,2024-02-20,10:00
Dr. Karthik,2024-02-21,10:00
Dr. Karthik,2024-02-22,10:00
Dr. Karthik,2024-02-23,10:00
Dr. Karthik,2024-02-24,10:00
Dr. Karthik,2024-02-25,10:00
Dr. Karthik,2024-02-26,10:00
Dr. Karthik,2024-02-27,10:00
Dr. Karthik,2024-02-28,10:00
Dr. Karthik,2024-02-29,10:00
Dr. Karthik,2024-03-01,10:00
Dr. Karthik,2024-03-02,10:00
Dr. Karthik,2024-03-03,10:00
Dr. Karthik,2024-03-04,10:00
Dr. Karthik,2024-03-05,10:00
Dr. Karthik,2024-03-06,10:00
Dr. Karthik,2024-03-07,10:00
Dr. Karthik,2024-03-08,10:00
Dr. Karthik,2024-03-09,10:00
Dr. Karthik,2024-03-10,10:00
Dr. Karthik,2024-03-11,10:00
Dr. Karthik,2024-03-12,10:00
Dr. Karthik,2024-03-13,10:00
Dr. Karthik,2024-03-14,10:00
Dr. Karthik,2024-03-15,10:00
Dr. Karthik,2024-03-16,10:00
Dr. Karthik,2024-03-17,10:00
Dr. Karthik,2024-03-18,10:00
Dr. Karthik,2024-03-19,10:00
Dr. Karthik,2024-03-20,10:00
Dr. Karthik,2024-03-21,10:00
Dr. Karthik,2024-03-22,10:00
Dr. Karthik,2024-03-23,10:00
Dr. Karthik,2024-03-24,10:00
Dr. Karthik,2024-03-25,10:00
Dr. Karthik,2024-03-26,10:00
Dr. Karthik,2024-03-27,10:00
Dr. Karthik,2024-03-28,10:00
Dr. Karthik,2024-03-29,10:00
Dr. Karthik,2024-03-30,10:00
Dr. Karthik,2024-03-31,10:00
Dr. Karthik,2024-04-01,10:00
Dr. Karthik,2024-04-02,10:00
Dr. Karthik,2024-04-03,10:00
Dr. Karthik,2024-04-04,10:00
Dr. Karthik,2024-04-05,10:00
Dr. Karthik,2024-04-06,10:00
Dr. Karthik,2024-04-07,10:00
Dr. Karthik,2024-04-08,10:00
Dr. Karthik,2024-04-09,10:00
Dr. Karthik,2024-04-10,10:00
Dr. Shahana Shirin CH,2024-01-01,10:00
Dr. Shahana Shirin CH,2024-01-02,10:00
Dr. Shahana Shirin CH,2024-01-03,10:00
Dr. Shahana Shirin CH,2024-01-04,10:00
Dr. Shahana Shirin CH,2024-01-05,10:00
Dr. Shahana Shirin CH,2024-01-06,10:00
Dr. Shahana Shirin CH,2024-01-07,10:00
Dr. Shahana Shirin CH,2024-01-08,10:00
Dr. Shahana Shirin CH,2024-01-09,10:00
Dr. Shahana Shirin CH,2024-01-10,10:00
Dr. Shahana Shirin CH,2024-01-11,10:00
Dr. Shahana Shirin CH,2024-01-12,10:00
Dr. Shahana Shirin CH,2024-01-13,10:00
Dr. Shahana Shirin CH,2024-01-14,10:00
Dr. Shahana Shirin CH,2024-01-15,10:00
Dr. Shahana Shirin CH,2024-01-16,10:00
Dr. Shahana Shirin CH,2024-01-17,10:00
Dr. Shahana Shirin CH,2024-01-18,10:00
Dr. Shahana Shirin CH,2024-01-19,10:00
Dr. Shahana Shirin CH,2024-01-20,10:00
Dr. Shahana Shirin CH,2024-01-21,10:00
Dr. Shahana Shirin CH,2024-01-22,10:00
Dr. Shahana Shirin CH,2024-01-23,10:00
Dr. Shahana Shirin CH,2024-01-24,10:00
Dr. Shahana Shirin CH,2024-01-25,10:00
Dr. Shahana Shirin CH,2024-01-26,10:00
Dr. Shahana Shirin CH,2024-01-27,10:00
Dr. Shahana Shirin CH,2024-01-28,10:00
Dr. Shahana Shirin CH,2024-01-29,10:00
Dr. Shahana Shirin CH,2024-01-30,10:00
Dr. Shahana Shirin CH,2024-01-31,10:00
Dr. Shahana Shirin CH,2024-02-01,10:00
Dr. Shahana Shirin CH,2024-02-02,10:00
Dr. Shahana Shirin CH,2024-02-03,10:00
Dr. Shahana Shirin CH,2024-02-04,10:00
Dr. Shahana Shirin CH,2024-02-05,10:00
Dr. Shahana Shirin CH,2024-02-06,10:00
Dr. Shahana Shirin CH,2024-02-07,10:00
Dr. Shahana Shirin CH,2024-02-08,10:00
Dr. Shahana Shirin CH,2024-02-09,10:00
Dr. Shahana Shirin CH,2024-02-10,10:00
Dr. Shahana Shirin CH,2024-02-11,10:00
Dr. Shahana Shirin CH,2024-02-12,10:00
Dr. Shahana Shirin CH,2024-02-13,10:00
Dr. Shahana Shirin CH,2024-02-14,10:00
Dr. Shahana Shirin CH,2024-02-15,10:00
Dr. Shahana Shirin CH,2024-02-16,10:00
Dr. Shahana Shirin CH,2024-02-17,10:00
Dr. Shahana Shirin CH,2024-02-18,10:00
Dr. Shahana Shirin CH,2024-02-19,10:00
Dr. Shahana Shirin CH,2024-02-20,10:00
Dr. Shahana Shirin CH,2024-02-21,10:00
Dr. Shahana Shirin CH,2024-02-22,10:00
Dr. Shahana Shirin CH,2024-02-23,10:00
Dr. Shahana Shirin CH,2024-02-24,10:00
Dr. Shahana Shirin CH,2024-02-25,10:00
Dr. Shahana Shirin CH,2024-02-26,10:00
Dr. Shahana Shirin CH,2024-02-27,10:00
Dr. Shahana Shirin CH,2024-02-28,10:00
Dr. Shahana Shirin CH,2024-02-29,10:00
Dr. Shahana Shirin CH,2024-03-01,10:00
Dr. Shahana Shirin CH,2024-03-02,10:00
Dr. Shahana Shirin CH,2024-03-03,10:00
Dr. Shahana Shirin CH,2024-03-04,10:00
Dr. Shahana Shirin CH,2024-03-05,10:00
Dr. Shahana Shirin CH,2024-03-06,10:00
Dr. Shahana Shirin CH,2024-03-07,10:00
Dr. Shahana Shirin CH,2024-03-08,10:00
Dr. Shahana Shirin CH,2024-03-09,10:00
Dr. Shahana Shirin CH,2024-03-10,10:00
Dr. Shahana Shirin CH,2024-03-11,10:00
Dr. Shahana Shirin CH,2024-03-12,10:00
Dr. Shahana Shirin CH,2024-03-13,10:00
Dr. Shahana Shirin CH,2024-03-14,10:00
Dr. Shahana Shirin CH,2024-03-15,10:00
Dr. Shahana Shirin CH,2024-03-16,10:00
Dr. Shahana Shirin CH,2024-03-17,10:00
Dr. Shahana Shirin CH,2024-03-18,10:00
Dr. Shahana Shirin CH,2024-03-19,10:00
Dr. Shahana Shirin CH,2024-03-20,10:00
Dr. Shahana Shirin CH,2024-03-21,10:00
Dr. Shahana Shirin CH,2024-03-22,10:00
Dr. Shahana Shirin CH,2024-03-23,10:00
Dr. Shahana Shirin CH,2024-03-24,10:00
Dr. Shahana Shirin CH,2024-03-25,10:00
Dr. Shahana Shirin CH,2024-03-26,10:00
Dr. Shahana Shirin CH,2024-03-27,10:00
Dr. Shahana Shirin CH,2024-03-28,10:00
Dr. Shahana Shirin CH,2024-03-29,10:00
Dr. Shahana Shirin CH,2024-03-30,10:00
Dr. Shahana Shirin CH,2024-03-31,10:00
Dr. Shahana Shirin CH,2024-04-01,10:00
Dr. Shahana Shirin CH,2024-04-02,10:00
Dr. Shahana Shirin CH,2024-04-03,10:00
Dr. Shahana Shirin CH,2024-04-04,10:00
Dr. Shahana Shirin CH,2024-04-05,10:00
Dr. Shahana Shirin CH,2024-04-06,10:00
Dr. Shahana Shirin CH,2024-04-07,10:00
Dr. Shahana Shirin CH,2024-04-08,10:00
Dr. Shahana Shirin CH,2024-04-09,10:00
premaleelavathy,2024-01-01,10:00
premaleelavathy,2024-01-02,10:00
premaleelavathy,2024-01-03,10:00
premaleelavathy,2024-01-04,10:00
premaleelavathy,2024-01-05,10:00
premaleelavathy,2024-01-06,10:00
premaleelavathy,2024-01-07,10:00
premaleelavathy,2024-01-08,10:00
premaleelavathy,2024-01-09,10:00
premaleelavathy,2024-01-10,10:00
premaleelavathy,2024-01-11,10:00
premaleelavathy,2024-01-12,10:00
premaleelavathy,2024-01-13,10:00
premaleelavathy,2024-01-14,10:00
premaleelavathy,2024-01-15,10:00
premaleelavathy,2024-01-16,10:00
premaleelavathy,2024-01-17,10:00
premaleelavathy,2024-01-18,10:00
premaleelavathy,2024-01-19,10:00
premaleelavathy,2024-01-20,10:00
premaleelavathy,2024-01-21,10:00
premaleelavathy,2024-01-22,10:00
premaleelavathy,2024-01-23,10:00
premaleelavathy,2024-01-24,10:00
premaleelavathy,2024-01-25,10:00
premaleelavathy,2024-01-26,10:00
premaleelavathy,2024-01-27,10:00
premaleelavathy,2024-01-28,10:00
premaleelavathy,2024-01-29,10:00
premaleelavathy,2024-01-30,10:00
premaleelavathy,2024-01-31,10:00
premaleelavathy,2024-02-01,10:00
premaleelavathy,2024-02-02,10:00
premaleelavathy,2024-02-03,10:00
premaleelavathy,2024-02-04,10:00
premaleelavathy,2024-02-05,10:00
premaleelavathy,2024-02-06,10:00
premaleelavathy,2024-02-07,10:00
premaleelavathy,2024-02-08,10:00
premaleelavathy,2024-02-09,10:00
premaleelavathy,2024-02-10,10:00
premaleelavathy,2024-02-11,10:00
premaleelavathy,2024-02-12,10:00
premaleelavathy,2024-02-13,10:00
premaleelavathy,2024-02-14,10:00
premaleelavathy,2024-02-15,10:00
premaleelavathy,2024-02-16,10:00
premaleelavathy,2024-02-17,10:00
premaleelavathy,2024-02-18,10:00
premaleelavathy,2024-02-19,10:00
premaleelavathy,2024-02-20,10:00
premaleelavathy,2024-02-21,10:00
premaleelavathy,2024-02-22,10:00
premaleelavathy,2024-02-23,10:00
premaleelavathy,2024-02-24,10:00
premaleelavathy,2024-02-25,10:00
premaleelavathy,2024-02-26,10:00
premaleelavathy,2024-02-27,10:00
premaleelavathy,2024-02-28,10:00
premaleelavathy,2024-02-29,10:00
premaleelavathy,2024-03-01,10:00
premaleelavathy,2024-03-02,10:00
premaleelavathy,2024-03-03,10:00
premaleelavathy,2024-03-04,10:00
premaleelavathy,2024-03-05,10:00
premaleelavathy,2024-03-06,10:00
premaleelavathy,2024-03-07,10:00
premaleelavathy,2024-03-08,10:00
premaleelavathy,2024-03-09,10:00
premaleelavathy,2024-03-10,10:00
premaleelavathy,2024-03-11,10:00
premaleelavathy,2024-03-12,10:00
premaleelavathy,2024-03-13,10:00
premaleelavathy,2024-03-14,10:00
premaleelavathy,2024-03-15,10:00
premaleelavathy,2024-03-16,10:00
premaleelavathy,2024-03-17,10:00
premaleelavathy,2024-03-18,10:00
premaleelavathy,2024-03-19,10:00
premaleelavathy,2024-03-20,10:00
premaleelavathy,2024-03-21,10:00
premaleelavathy,2024-03-22,10:00
premaleelavathy,2024-03-23,10:00
premaleelavathy,2024-03-24,10:00
premaleelavathy,2024-03-25,10:00
premaleelavathy,2024-03-26,10:00
premaleelavathy,2024-03-27,10:00
premaleelavathy,2024-03-28,10:00
premaleelavathy,2024-03-29,10:00
premaleelavathy,2024-03-30,10:00
premaleelavathy,2024-03-31,10:00
premaleelavathy,2024-04-01,10:00
premaleelavathy,2024-04-02,10:00
premaleelavathy,2024-04-03,10:00
premaleelavathy,2024-04-04,10:00
premaleelavathy,2024-04-05,10:00
premaleelavathy,2024-04-06,10:00
premaleelavathy,2024-04-07,10:00
premaleelavathy,2024-04-08,10:00
premaleelavathy,2024-04-09,10:00
Dr. Ramya M B,2024-01-01,10:00
Dr. Ramya M B,2024-01-02,10:00
Dr. Ramya M B,2024-01-03,10:00
Dr. Ramya M B,2024-01-04,10:00
Dr. Ramya M B,2024-01-05,10:00
Dr. Ramya M B,2024-01-06,10:00
Dr. Ramya M B,2024-01-07,10:00
Dr. Ramya M B,2024-01-08,10:00
Dr. Ramya M B,2024-01-09,10:00
Dr. Ramya M B,2024-01-10,10:00
Dr. Ramya M B,2024-01-11,10:00
Dr. Ramya M B,2024-01-12,10:00
Dr. Ramya M B,2024-01-13,10:00
Dr. Ramya M B,2024-01-14,10:00
Dr. Ramya M B,2024-01-15,10:00
Dr. Ramya M B,2024-01-16,10:00
Dr. Ramya M B,2024-01-17,10:00
Dr. Ramya M B,2024-01-18,10:00
Dr. Ramya M B,2024-01-19,10:00
Dr. Ramya M B,2024-01-20,10:00
Dr. Ramya M B,2024-01-21,10:00
Dr. Ramya M B,2024-01-22,10:00
Dr. Ramya M B,2024-01-23,10:00
Dr. Ramya M B,2024-01-24,10:00
Dr. Ramya M B,2024-01-25,10:00
Dr. Ramya M B,2024-01-26,10:00
Dr. Ramya M B,2024-01-27,10:00
Dr. Ramya M B,2024-01-28,10:00
Dr. Ramya M B,2024-01-29,10:00
Dr. Ramya M B,2024-01-30,10:00
Dr. Ramya M B,2024-01-31,10:00
Dr. Ramya M B,2024-02-01,10:00
Dr. Ramya M B,2024-02-02,10:00
Dr. Ramya M B,2024-02-03,10:00
Dr. Ramya M B,2024-02-04,10:00
Dr. Ramya M B,2024-02-05,10:00
Dr. Ramya M B,2024-02-06,10:00
Dr. Ramya M B,2024-02-07,10:00
Dr. Ramya M B,2024-02-08,10:00
Dr. Ramya M B,2024-02-09,10:00
Dr. Ramya M B,2024-02-10,10:00
Dr. Ramya M B,2024-02-11,10:00
Dr. Ramya M B,2024-02-12,10:00
Dr. Ramya M B,2024-02-13,10:00
Dr. Ramya M B,2024-02-14,10:00
Dr. Ramya M B,2024-02-15,10:00
Dr. Ramya M B,2024-02-16,10:00
Dr. Ramya M B,2024-02-17,10:00
Dr. Ramya M B,2024-02-18,10:00
Dr. Ramya M B,2024-02-19,10:00
Dr. Ramya M B,2024-02-20,10:00
Dr. Ramya M B,2024-02-21,10:00
Dr. Ramya M B,2024-02-22,10:00
Dr. Ramya M B,2024-02-23,10:00
Dr. Ramya M B,2024-02-24,10:00
Dr. Ramya M B,2024-02-25,10:00
Dr. Ramya M B,2024-02-26,10:00
Dr. Ramya M B,2024-02-27,10:00
Dr. Ramya M B,2024-02-28,10:00
Dr. Ramya M B,2024-02-29,10:00
Dr. Ramya M B,2024-03-01,10:00
Dr. Ramya M B,2024-03-02,10:00
Dr. Ramya M B,2024-03-03,10:00
Dr. Ramya M B,2024-03-04,10:00
Dr. Ramya M B,2024-03-05,10:00
Dr. Ramya M B,2024-03-06,10:00
Dr. Ramya M B,2024-03-07,10:00
Dr. Ramya M B,2024-03-08,10:00
Dr. Ramya M B,2024-03-09,10:00
Dr. Ramya M B,2024-03-10,10:00
Dr. Ramya M B,2024-03-11,10:00
Dr. Ramya M B,2024-03-12,10:00
Dr. Ramya M B,2024-03-13,10:00
Dr. Ramya M B,2024-03-14,10:00
Dr. Ramya M B,2024-03-15,10:00
Dr. Ramya M B,2024-03-16,10:00
Dr. Ramya M B,2024-03-17,10:00
Dr. Ramya M B,2024-03-18,10:00
Dr. Ramya M B,2024-03-19,10:00
Dr. Ramya M B,2024-03-20,10:00
Dr. Ramya M B,2024-03-21,10:00
Dr. Ramya M B,2024-03-22,10:00
Dr. Ramya M B,2024-03-23,10:00
Dr. Ramya M B,2024-03-24,10:00
Dr. Ramya M B,2024-03-25,10:00
Dr. Ramya M B,2024-03-26,10:00
Dr. Ramya M B,2024-03-27,10:00
Dr. Ramya M B,2024-03-28,10:00
Dr. Ramya M B,2024-03-29,10:00
Dr. Ramya M B,2024-03-30,10:00
Dr. Ramya M B,2024-03-31,10:00
Dr. Ramya M B,2024-04-01,10:00
Dr. Ramya M B,2024-04-02,10:00
Dr. Ramya M B,2024-04-03,10:00
Dr. Ramya M B,2024-04-04,10:00
Dr. Ramya M B,2024-04-05,10:00
Dr. Ramya M B,2024-04-06,10:00
Dr. Grithika,2024-01-01,10:00
Dr. Grithika,2024-01-02,10:00
Dr. Grithika,2024-01-03,10:00
Dr. Grithika,2024-01-04,10:00
Dr. Grithika,2024-01-05,10:00
Dr. Grithika,2024-01-06,10:00
Dr. Grithika,2024-01-07,10:00
Dr. Grithika,2024-01-08,10:00
Dr. Grithika,2024-01-09,10:00
Dr. Grithika,2024-01-10,10:00
Dr. Grithika,2024-01-11,10:00
Dr. Grithika,2024-01-12,10:00
Dr. Grithika,2024-01-13,10:00
Dr. Grithika,2024-01-14,10:00
Dr. Grithika,2024-01-15,10:00
Dr. Grithika,2024-01-16,10:00
Dr. Grithika,2024-01-17,10:00
Dr. Grithika,2024-01-18,10:00
Dr. Grithika,2024-01-19,10:00
Dr. Grithika,2024-01-20,10:00
Dr. Grithika,2024-01-21,10:00
Dr. Grithika,2024-01-22,10:00
Dr. Grithika,2024-01-23,10:00
Dr. Grithika,2024-01-24,10:00
Dr. Grithika,2024-01-25,10:00
Dr. Grithika,2024-01-26,10:00
Dr. Grithika,2024-01-27,10:00
Dr. Grithika,2024-01-28,10:00
Dr. Grithika,2024-01-29,10:00
Dr. Grithika,2024-01-30,10:00
Dr. Grithika,2024-01-31,10:00
Dr. Grithika,2024-02-01,10:00
Dr. Grithika,2024-02-02,10:00
Dr. Grithika,2024-02-03,10:00
Dr. Grithika,2024-02-04,10:00
Dr. Grithika,2024-02-05,10:00
Dr. Grithika,2024-02-06,10:00
Dr. Grithika,2024-02-07,10:00
Dr. Grithika,2024-02-08,10:00
Dr. Grithika,2024-02-09,10:00
Dr. Grithika,2024-02-10,10:00
Dr. Grithika,2024-02-11,10:00
Dr. Grithika,2024-02-12,10:00
Dr. Grithika,2024-02-13,10:00
Dr. Grithika,2024-02-14,10:00
Dr. Grithika,2024-02-15,10:00
Dr. Grithika,2024-02-16,10:00
Dr. Grithika,2024-02-17,10:00
Dr. Grithika,2024-02-18,10:00
Dr. Grithika,2024-02-19,10:00
Dr. Grithika,2024-02-20,10:00
Dr. Grithika,2024-02-21,10:00
Dr. Grithika,2024-02-22,10:00
Dr. Grithika,2024-02-23,10:00
Dr. Grithika,2024-02-24,10:00
Dr. Grithika,2024-02-25,10:00
Dr. Grithika,2024-02-26,10:00
Dr. Grithika,2024-02-27,10:00
Dr. Grithika,2024-02-28,10:00
Dr. Grithika,2024-02-29,10:00
Dr. Grithika,2024-03-01,10:00
Dr. Grithika,2024-03-02,10:00
Dr. Grithika,2024-03-03,10:00
Dr. Grithika,2024-03-04,10:00
Dr. Grithika,2024-03-05,10:00
Dr. Grithika,2024-03-06,10:00
Dr. Grithika,2024-03-07,10:00
Dr. Grithika,2024-03-08,10:00
Dr. Grithika,2024-03-09,10:00
Dr. Grithika,2024-03-10,10:00
Dr. Grithika,2024-03-11,10:00
Dr. Grithika,2024-03-12,10:00
Dr. Grithika,2024-03-13,10:00
Dr. Grithika,2024-03-14,10:00
Dr. Grithika,2024-03-15,10:00
Dr. Grithika,2024-03-16,10:00
Dr. Grithika,2024-03-17,10:00
Dr. Grithika,2024-03-18,10:00
Dr. Grithika,2024-03-19,10:00
Dr. Grithika,2024-03-20,10:00
Dr. Grithika,2024-03-21,10:00
Dr. Grithika,2024-03-22,10:00
Dr. Grithika,2024-03-23,10:00
Dr. Grithika,2024-03-24,10:00
Dr. Grithika,2024-03-25,10:00
Dr. Grithika,2024-03-26,10:00
Dr. Grithika,2024-03-27,10:00
Dr. Grithika,2024-03-28,10:00
Dr. Grithika,2024-03-29,10:00
Dr. Grithika,2024-03-30,10:00
Dr. Grithika,2024-03-31,10:00
Dr. Grithika,2024-04-01,10:00
Dr. Grithika,2024-04-02,10:00
Dr. Grithika,2024-04-03,10:00
Dr. Grithika,2024-04-04,10:00
Dr. Grithika,2024-04-05,10:00
Dr. Rajmani Gaurav,2024-01-01,10:00
Dr. Rajmani Gaurav,2024-01-02,10:00
Dr. Rajmani Gaurav,2024-01-03,10:00
Dr. Rajmani Gaurav,2024-01-04,10:00
Dr. Rajmani Gaurav,2024-01-05,10:00
Dr. Rajmani Gaurav,2024-01-06,10:00
Dr. Rajmani Gaurav,2024-01-07,10:00
Dr. Rajmani Gaurav,2024-01-08,10:00
Dr. Rajmani Gaurav,2024-01-09,10:00
Dr. Rajmani Gaurav,2024-01-10,10:00
Dr. Rajmani Gaurav,2024-01-11,10:00
Dr. Rajmani Gaurav,2024-01-12,10:00
Dr. Rajmani Gaurav,2024-01-13,10:00
Dr. Rajmani Gaurav,2024-01-14,10:00
Dr. Rajmani Gaurav,2024-01-15,10:00
Dr. Rajmani Gaurav,2024-01-16,10:00
Dr. Rajmani Gaurav,2024-01-17,10:00
Dr. Rajmani Gaurav,2024-01-18,10:00
Dr. Rajmani Gaurav,2024-01-19,10:00
Dr. Rajmani Gaurav,2024-01-20,10:00
Dr. Rajmani Gaurav,2024-01-21,10:00
Dr. Rajmani Gaurav,2024-01-22,10:00
Dr. Rajmani Gaurav,2024-01-23,10:00
Dr. Rajmani Gaurav,2024-01-24,10:00
Dr. Rajmani Gaurav,2024-01-25,10:00
Dr. Rajmani Gaurav,2024-01-26,10:00
Dr. Rajmani Gaurav,2024-01-27,10:00
Dr. Rajmani Gaurav,2024-01-28,10:00
Dr. Rajmani Gaurav,2024-01-29,10:00
Dr. Rajmani Gaurav,2024-01-30,10:00
Dr. Rajmani Gaurav,2024-01-31,10:00
Dr. Rajmani Gaurav,2024-02-01,10:00
Dr. Rajmani Gaurav,2024-02-02,10:00
Dr. Rajmani Gaurav,2024-02-03,10:00
Dr. Rajmani Gaurav,2024-02-04,10:00
Dr. Rajmani Gaurav,2024-02-05,10:00
Dr. Rajmani Gaurav,2024-02-06,10:00
Dr. Rajmani Gaurav,2024-02-07,10:00
Dr. Rajmani Gaurav,2024-02-08,10:00
Dr. Rajmani Gaurav,2024-02-09,10:00
Dr. Rajmani Gaurav,2024-02-10,10:00
Dr. Rajmani Gaurav,2024-02-11,10:00
Dr. Rajmani Gaurav,2024-02-12,10:00
Dr. Rajmani Gaurav,2024-02-13,10:00
Dr. Rajmani Gaurav,2024-02-14,10:00
Dr. Rajmani Gaurav,2024-02-15,10:00
Dr. Rajmani Gaurav,2024-02-16,10:00
Dr. Rajmani Gaurav,2024-02-17,10:00
Dr. Rajmani Gaurav,2024-02-18,10:00
Dr. Rajmani Gaurav,2024-02-19,10:00
Dr. Rajmani Gaurav,2024-02-20,10:00
Dr. Rajmani Gaurav,2024-02-21,10:00
Dr. Rajmani Gaurav,2024-02-22,10:00
Dr. Rajmani Gaurav,2024-02-23,10:00
Dr. Rajmani Gaurav,2024-02-24,10:00
Dr. Rajmani Gaurav,2024-02-25,10:00
Dr. Rajmani Gaurav,2024-02-26,10:00
Dr. Rajmani Gaurav,2024-02-27,10:00
Dr. Rajmani Gaurav,2024-02-28,10:00
Dr. Rajmani Gaurav,2024-02-29,10:00
Dr. Rajmani Gaurav,2024-03-01,10:00
Dr. Rajmani Gaurav,2024-03-02,10:00
Dr. Rajmani Gaurav,2024-03-03,10:00
Dr. Rajmani Gaurav,2024-03-04,10:00
Dr. Rajmani Gaurav,2024-03-05,10:00
Dr. Rajmani Gaurav,2024-03-06,10:00
Dr. Rajmani Gaurav,2024-03-07,10:00
Dr. Rajmani Gaurav,2024-03-08,10:00
Dr. Rajmani Gaurav,2024-03-09,10:00
Dr. Rajmani Gaurav,2024-03-10,10:00
Dr. Rajmani Gaurav,2024-03-11,10:00
Dr. Rajmani Gaurav,2024-03-12,10:00
Dr. Rajmani Gaurav,2024-03-13,10:00
Dr. Rajmani Gaurav,2024-03-14,10:00
Dr. Rajmani Gaurav,2024-03-15,10:00
Dr. Rajmani Gaurav,2024-03-16,10:00
Dr. Rajmani Gaurav,2024-03-17,10:00
Dr. Rajmani Gaurav,2024-03-18,10:00
Dr. Rajmani Gaurav,2024-03-19,10:00
Dr. Rajmani Gaurav,2024-03-20,10:00
Dr. Rajmani Gaurav,2024-03-21,10:00
Dr. Rajmani Gaurav,2024-03-22,10:00
Dr. Rajmani Gaurav,2024-03-23,10:00
Dr. Rajmani Gaurav,2024-03-24,10:00
Dr. Rajmani Gaurav,2024-03-25,10:00
Dr. Rajmani Gaurav,2024-03-26,10:00
Dr. Rajmani Gaurav,2024-03-27,10:00
Dr. Rajmani Gaurav,2024-03-28,10:00
Dr. Rajmani Gaurav,2024-03-29,10:00
Dr. Rajmani Gaurav,2024-03-30,10:00
Dr. Rajmani Gaurav,2024-03-31,10:00
Dr. Rajmani Gaurav,2024-04-01,10:00
Dr. Rajmani Gaurav,2024-04-02,10:00
Dr. Faraz,2024-01-01,10:00
Dr. Faraz,2024-01-02,10:00
Dr. Faraz,2024-01-03,10:00
Dr. Faraz,2024-01-04,10:00
Dr. Faraz,2024-01-05,10:00
Dr. Faraz,2024-01-06,10:00
Dr. Faraz,2024-01-07,10:00
Dr. Faraz,2024-01-08,10:00
Dr. Faraz,2024-01-09,10:00
Dr. Faraz,2024-01-10,10:00
Dr. Faraz,2024-01-11,10:00
Dr. Faraz,2024-01-12,10:00
Dr. Faraz,2024-01-13,10:00
Dr. Faraz,2024-01-14,10:00
Dr. Faraz,2024-01-15,10:00
Dr. Faraz,2024-01-16,10:00
Dr. Faraz,2024-01-17,10:00
Dr. Faraz,2024-01-18,10:00
Dr. Faraz,2024-01-19,10:00
Dr. Faraz,2024-01-20,10:00
Dr. Faraz,2024-01-21,10:00
Dr. Faraz,2024-01-22,10:00
Dr. Faraz,2024-01-23,10:00
Dr. Faraz,2024-01-24,10:00
Dr. Faraz,2024-01-25,10:00
Dr. Faraz,2024-01-26,10:00
Dr. Faraz,2024-01-27,10:00
Dr. Faraz,2024-01-28,10:00
Dr. Faraz,2024-01-29,10:00
Dr. Faraz,2024-01-30,10:00
Dr. Faraz,2024-01-31,10:00
Dr. Faraz,2024-02-01,10:00
Dr. Faraz,2024-02-02,10:00
Dr. Faraz,2024-02-03,10:00
Dr. Faraz,2024-02-04,10:00
Dr. Faraz,2024-02-05,10:00
Dr. Faraz,2024-02-06,10:00
Dr. Faraz,2024-02-07,10:00
Dr. Faraz,2024-02-08,10:00
Dr. Faraz,2024-02-09,10:00
Dr. Faraz,2024-02-10,10:00
Dr. Faraz,2024-02-11,10:00
Dr. Faraz,2024-02-12,10:00
Dr. Faraz,2024-02-13,10:00
Dr. Faraz,2024-02-14,10:00
Dr. Faraz,2024-02-15,10:00
Dr. Faraz,2024-02-16,10:00
Dr. Faraz,2024-02-17,10:00
Dr. Faraz,2024-02-18,10:00
Dr. Faraz,2024-02-19,10:00
Dr. Faraz,2024-02-20,10:00
Dr. Faraz,2024-02-21,10:00
Dr. Faraz,2024-02-22,10:00
Dr. Faraz,2024-02-23,10:00
Dr. Faraz,2024-02-24,10:00
Dr. Faraz,2024-02-25,10:00
Dr. Faraz,2024-02-26,10:00
Dr. Faraz,2024-02-27,10:00
Dr. Faraz,2024-02-28,10:00
Dr. Faraz,2024-02-29,10:00
Dr. Faraz,2024-03-01,10:00
Dr. Faraz,2024-03-02,10:00
Dr. Faraz,2024-03-03,10:00
Dr. Faraz,2024-03-04,10:00
Dr. Faraz,2024-03-05,10:00
Dr. Faraz,2024-03-06,10:00
Dr. Faraz,2024-03-07,10:00
Dr. Faraz,2024-03-08,10:00
Dr. Faraz,2024-03-09,10:00
Dr. Faraz,2024-03-10,10:00
Dr. Faraz,2024-03-11,10:00
Dr. Faraz,2024-03-12,10:00
Dr. Faraz,2024-03-13,10:00
Dr. Faraz,2024-03-14,10:00
Dr. Faraz,2024-03-15,10:00
Dr. Faraz,2024-03-16,10:00
Dr. Faraz,2024-03-17,10:00
Dr. Faraz,2024-03-18,10:00
Dr. Faraz,2024-03-19,10:00
Dr. Faraz,2024-03-20,10:00
Dr. Faraz,2024-03-21,10:00
Dr. Faraz,2024-03-22,10:00
Dr. Faraz,2024-03-23,10:00
Dr. Faraz,2024-03-24,10:00
Dr. Faraz,2024-03-25,10:00
Dr. Faraz,2024-03-26,10:00
Dr. Faraz,2024-03-27,10:00
Dr. Faraz,2024-03-28,10:00
Dr. Vala Naik Ramavath,2024-01-01,10:00
Dr. Vala Naik Ramavath,2024-01-02,10:00
Dr. Vala Naik Ramavath,2024-01-03,10:00
Dr. Vala Naik Ramavath,2024-01-04,10:00
Dr. Vala Naik Ramavath,2024-01-05,10:00
Dr. Vala Naik Ramavath,2024-01-06,10:00
Dr. Vala Naik Ramavath,2024-01-07,10:00
Dr. Vala Naik Ramavath,2024-01-08,10:00
Dr. Vala Naik Ramavath,2024-01-09,10:00
Dr. Vala Naik Ramavath,2024-01-10,10:00
Dr. Vala Naik Ramavath,2024-01-11,10:00
Dr. Vala Naik Ramavath,2024-01-12,10:00
Dr. Vala Naik Ramavath,2024-01-13,10:00
Dr. Vala Naik Ramavath,2024-01-14,10:00
Dr. Vala Naik Ramavath,2024-01-15,10:00
Dr. Vala Naik Ramavath,2024-01-16,10:00
Dr. Vala Naik Ramavath,2024-01-17,10:00
Dr. Vala Naik Ramavath,2024-01-18,10:00
Dr. Vala Naik Ramavath,2024-01-19,10:00
Dr. Vala Naik Ramavath,2024-01-20,10:00
Dr. Vala Naik Ramavath,2024-01-21,10:00
Dr. Vala Naik Ramavath,2024-01-22,10:00
Dr. Vala Naik Ramavath,2024-01-23,10:00
Dr. Vala Naik Ramavath,2024-01-24,10:00
Dr. Vala Naik Ramavath,2024-01-25,10:00
Dr. Vala Naik Ramavath,2024-01-26,10:00
Dr. Vala Naik Ramavath,2024-01-27,10:00
Dr. Vala Naik Ramavath,2024-01-28,10:00
Dr. Vala Naik Ramavath,2024-01-29,10:00
Dr. Vala Naik Ramavath,2024-01-30,10:00
Dr. Vala Naik Ramavath,2024-01-31,10:00
Dr. Vala Naik Ramavath,2024-02-01,10:00
Dr. Vala Naik Ramavath,2024-02-02,10:00
Dr. Vala Naik Ramavath,2024-02-03,10:00
Dr. Vala Naik Ramavath,2024-02-04,10:00
Dr. Vala Naik Ramavath,2024-02-05,10:00
Dr. Vala Naik Ramavath,2024-02-06,10:00
Dr. Vala Naik Ramavath,2024-02-07,10:00
Dr. Vala Naik Ramavath,2024-02-08,10:00
Dr. Vala Naik Ramavath,2024-02-09,10:00
Dr. Vala Naik Ramavath,2024-02-10,10:00
Dr. Vala Naik Ramavath,2024-02-11,10:00
Dr. Vala Naik Ramavath,2024-02-12,10:00
Dr. Vala Naik Ramavath,2024-02-13,10:00
Dr. Vala Naik Ramavath,2024-02-14,10:00
Dr. Vala Naik Ramavath,2024-02-15,10:00
Dr. Vala Naik Ramavath,2024-02-16,10:00
Dr. Vala Naik Ramavath,2024-02-17,10:00
Dr. Vala Naik Ramavath,2024-02-18,10:00
Dr. Vala Naik Ramavath,2024-02-19,10:00
Dr. Vala Naik Ramavath,2024-02-20,10:00
Dr. Vala Naik Ramavath,2024-02-21,10:00
Dr. Vala Naik Ramavath,2024-02-22,10:00
Dr. Vala Naik Ramavath,2024-02-23,10:00
Dr. Vala Naik Ramavath,2024-02-24,10:00
Dr. Vala Naik Ramavath,2024-02-25,10:00
Dr. Vala Naik Ramavath,2024-02-26,10:00
Dr. Vala Naik Ramavath,2024-02-27,10:00
Dr. Vala Naik Ramavath,2024-02-28,10:00
Dr. Vala Naik Ramavath,2024-02-29,10:00
Dr. Vala Naik Ramavath,2024-03-01,10:00
Dr. Vala Naik Ramavath,2024-03-02,10:00
Dr. Vala Naik Ramavath,2024-03-03,10:00
Dr. Vala Naik Ramavath,2024-03-04,10:00
Dr. Vala Naik Ramavath,2024-03-05,10:00
Dr. Vala Naik Ramavath,2024-03-06,10:00
Dr. Vala Naik Ramavath,2024-03-07,10:00
Dr. Vala Naik Ramavath,2024-03-08,10:00
Dr. Vala Naik Ramavath,2024-03-09,10:00
Dr. Vala Naik Ramavath,2024-03-10,10:00
Dr. Vala Naik Ramavath,2024-03-11,10:00
Dr. Vala Naik Ramavath,2024-03-12,10:00
Dr. Vala Naik Ramavath,2024-03-13,10:00
Dr. Vala Naik Ramavath,2024-03-14,10:00
Dr. Vala Naik Ramavath,2024-03-15,10:00
Dr. Vala Naik Ramavath,2024-03-16,10:00
Dr. Vala Naik Ramavath,2024-03-17,10:00
Dr. Vala Naik Ramavath,2024-03-18,10:00
Dr. Vala Naik Ramavath,2024-03-19,10:00
Dr. Vala Naik Ramavath,2024-03-20,10:00
Dr. Vala Naik Ramavath,2024-03-21,10:00
Dr. Vala Naik Ramavath,2024-03-22,10:00
Dr. Vala Naik Ramavath,2024-03-23,10:00
Dr. Vala Naik Ramavath,2024-03-24,10:00
Dr. Sethulekshmi S,2024-01-01,10:00
Dr. Sethulekshmi S,2024-01-02,10:00
Dr. Sethulekshmi S,2024-01-03,10:00
Dr. Sethulekshmi S,2024-01-04,10:00
Dr. Sethulekshmi S,2024-01-05,10:00
Dr. Sethulekshmi S,2024-01-06,10:00
Dr. Sethulekshmi S,2024-01-07,10:00
Dr. Sethulekshmi S,2024-01-08,10:00
Dr. Sethulekshmi S,2024-01-09,10:00
Dr. Sethulekshmi S,2024-01-10,10:00
Dr. Sethulekshmi S,2024-01-11,10:00
Dr. Sethulekshmi S,2024-01-12,10:00
Dr. Sethulekshmi S,2024-01-13,10:00
Dr. Sethulekshmi S,2024-01-14,10:00
Dr. Sethulekshmi S,2024-01-15,10:00
Dr. Sethulekshmi S,2024-01-16,10:00
Dr. Sethulekshmi S,2024-01-17,10:00
Dr. Sethulekshmi S,2024-01-18,10:00
Dr. Sethulekshmi S,2024-01-19,10:00
Dr. Sethulekshmi S,2024-01-20,10:00
Dr. Sethulekshmi S,2024-01-21,10:00
Dr. Sethulekshmi S,2024-01-22,10:00
Dr. Sethulekshmi S,2024-01-23,10:00
Dr. Sethulekshmi S,2024-01-24,10:00
Dr. Sethulekshmi S,2024-01-25,10:00
Dr. Sethulekshmi S,2024-01-26,10:00
Dr. Sethulekshmi S,2024-01-27,10:00
Dr. Sethulekshmi S,2024-01-28,10:00
Dr. Sethulekshmi S,2024-01-29,10:00
Dr. Sethulekshmi S,2024-01-30,10:00
Dr. Sethulekshmi S,2024-01-31,10:00
Dr. Sethulekshmi S,2024-02-01,10:00
Dr. Sethulekshmi S,2024-02-02,10:00
Dr. Sethulekshmi S,2024-02-03,10:00
Dr. Sethulekshmi S,2024-02-04,10:00
Dr. Sethulekshmi S,2024-02-05,10:00
Dr. Sethulekshmi S,2024-02-06,10:00
Dr. Sethulekshmi S,2024-02-07,10:00
Dr. Sethulekshmi S,2024-02-08,10:00
Dr. Sethulekshmi S,2024-02-09,10:00
Dr. Sethulekshmi S,2024-02-10,10:00
Dr. Sethulekshmi S,2024-02-11,10:00
Dr. Sethulekshmi S,2024-02-12,10:00
Dr. Sethulekshmi S,2024-02-13,10:00
Dr. Sethulekshmi S,2024-02-14,10:00
Dr. Sethulekshmi S,2024-02-15,10:00
Dr. Sethulekshmi S,2024-02-16,10:00
Dr. Sethulekshmi S,2024-02-17,10:00
Dr. Sethulekshmi S,2024-02-18,10:00
Dr. Sethulekshmi S,2024-02-19,10:00
Dr. Sethulekshmi S,2024-02-20,10:00
Dr. Sethulekshmi S,2024-02-21,10:00
Dr. Sethulekshmi S,2024-02-22,10:00
Dr. Sethulekshmi S,2024-02-23,10:00
Dr. Sethulekshmi S,2024-02-24,10:00
Dr. Sethulekshmi S,2024-02-25,10:00
Dr. Sethulekshmi S,2024-02-26,10:00
Dr. Sethulekshmi S,2024-02-27,10:00
Dr. Sethulekshmi S,2024-02-28,10:00
Dr. Sethulekshmi S,2024-02-29,10:00
Dr. Sethulekshmi S,2024-03-01,10:00
Dr. Sethulekshmi S,2024-03-02,10:00
Dr. Sethulekshmi S,2024-03-03,10:00
Dr. Sethulekshmi S,2024-03-04,10:00
Dr. Sethulekshmi S,2024-03-05,10:00
Dr. Sethulekshmi S,2024-03-06,10:00
Dr. Sethulekshmi S,2024-03-07,10:00
Dr. Sethulekshmi S,2024-03-08,10:00
Dr. Sethulekshmi S,2024-03-09,10:00
Dr. Sethulekshmi S,2024-03-10,10:00
Dr. Sethulekshmi S,2024-03-11,10:00
Dr. Sethulekshmi S,2024-03-12,10:00
Dr. Sethulekshmi S,2024-03-13,10:00
Dr. Sethulekshmi S,2024-03-14,10:00
Dr. Sethulekshmi S,2024-03-15,10:00
Dr. Sethulekshmi S,2024-03-16,10:00
Dr. Sethulekshmi S,2024-03-17,10:00
Dr. Sethulekshmi S,2024-03-18,10:00
Dr. Sethulekshmi S,2024-03-19,10:00
Dr. Sethulekshmi S,2024-03-20,10:00
Dr. Sethulekshmi S,2024-03-21,10:00
Dr. R. Khyati,2024-01-01,10:00
Dr. R. Khyati,2024-01-02,10:00
Dr. R. Khyati,2024-01-03,10:00
Dr. R. Khyati,2024-01-04,10:00
Dr. R. Khyati,2024-01-05,10:00
Dr. R. Khyati,2024-01-06,10:00
Dr. R. Khyati,2024-01-07,10:00
Dr. R. Khyati,2024-01-08,10:00
Dr. R. Khyati,2024-01-09,10:00
Dr. R. Khyati,2024-01-10,10:00
Dr. R. Khyati,2024-01-11,10:00
Dr. R. Khyati,2024-01-12,10:00
Dr. R. Khyati,2024-01-13,10:00
Dr. R. Khyati,2024-01-14,10:00
Dr. R. Khyati,2024-01-15,10:00
Dr. R. Khyati,2024-01-16,10:00
Dr. R. Khyati,2024-01-17,10:00
Dr. R. Khyati,2024-01-18,10:00
Dr. R. Khyati,2024-01-19,10:00
Dr. R. Khyati,2024-01-20,10:00
Dr. R. Khyati,2024-01-21,10:00
Dr. R. Khyati,2024-01-22,10:00
Dr. R. Khyati,2024-01-23,10:00
Dr. R. Khyati,2024-01-24,10:00
Dr. R. Khyati,2024-01-25,10:00
Dr. R. Khyati,2024-01-26,10:00
Dr. R. Khyati,2024-01-27,10:00
Dr. R. Khyati,2024-01-28,10:00
Dr. R. Khyati,2024-01-29,10:00
Dr. R. Khyati,2024-01-30,10:00
Dr. R. Khyati,2024-01-31,10:00
Dr. R. Khyati,2024-02-01,10:00
Dr. R. Khyati,2024-02-02,10:00
Dr. R. Khyati,2024-02-03,10:00
Dr. R. Khyati,2024-02-04,10:00
Dr. R. Khyati,2024-02-05,10:00
Dr. R. Khyati,2024-02-06,10:00
Dr. R. Khyati,2024-02-07,10:00
Dr. R. Khyati,2024-02-08,10:00
Dr. R. Khyati,2024-02-09,10:00
Dr. R. Khyati,2024-02-10,10:00
Dr. R. Khyati,2024-02-11,10:00
Dr. R. Khyati,2024-02-12,10:00
Dr. R. Khyati,2024-02-13,10:00
Dr. R. Khyati,2024-02-14,10:00
Dr. R. Khyati,2024-02-15,10:00
Dr. R. Khyati,2024-02-16,10:00
Dr. R. Khyati,2024-02-17,10:00
Dr. R. Khyati,2024-02-18,10:00
Dr. R. Khyati,2024-02-19,10:00
Dr. R. Khyati,2024-02-20,10:00
Dr. R. Khyati,2024-02-21,10:00
Dr. R. Khyati,2024-02-22,10:00
Dr. R. Khyati,2024-02-23,10:00
Dr. R. Khyati,2024-02-24,10:00
Dr. R. Khyati,2024-02-25,10:00
Dr. R. Khyati,2024-02-26,10:00
Dr. R. Khyati,2024-02-27,10:00
Dr. R. Khyati,2024-02-28,10:00
Dr. R. Khyati,2024-02-29,10:00
Dr. R. Khyati,2024-03-01,10:00
Dr. R. Khyati,2024-03-02,10:00
Dr. R. Khyati,2024-03-03,10:00
Dr. R. Khyati,2024-03-04,10:00
Dr. R. Khyati,2024-03-05,10:00
Dr. R. Khyati,2024-03-06,10:00
Dr. R. Khyati,2024-03-07,10:00
Dr. R. Khyati,2024-03-08,10:00
Dr. R. Khyati,2024-03-09,10:00
Dr. R. Khyati,2024-03-10,10:00
Dr. R. Khyati,2024-03-11,10:00
Dr. R. Khyati,2024-03-12,10:00
Dr. R. Khyati,2024-03-13,10:00
Dr. R. Khyati,2024-03-14,10:00
Dr. R. Khyati,2024-03-15,10:00
Dr. R. Khyati,2024-03-16,10:00
Dr. R. Khyati,2024-03-17,10:00
Dr. R. Khyati,2024-03-18,10:00
Dr. R. Khyati,2024-03-19,10:00
Dr. R. Khyati,2024-03-20,10:00
Dr. Morajsekar,2024-01-01,10:00
Dr. Morajsekar,2024-01-02,10:00
Dr. Morajsekar,2024-01-03,10:00
Dr. Morajsekar,2024-01-04,10:00
Dr. Morajsekar,2024-01-05,10:00
Dr. Morajsekar,2024-01-06,10:00
Dr. Morajsekar,2024-01-07,10:00
Dr. Morajsekar,2024-01-08,10:00
Dr. Morajsekar,2024-01-09,10:00
Dr. Morajsekar,2024-01-10,10:00
Dr. Morajsekar,2024-01-11,10:00
Dr. Morajsekar,2024-01-12,10:00
Dr. Morajsekar,2024-01-13,10:00
Dr. Morajsekar,2024-01-14,10:00
Dr. Morajsekar,2024-01-15,10:00
Dr. Morajsekar,2024-01-16,10:00
Dr. Morajsekar,2024-01-17,10:00
Dr. Morajsekar,2024-01-18,10:00
Dr. Morajsekar,2024-01-19,10:00
Dr. Morajsekar,2024-01-20,10:00
Dr. Morajsekar,2024-01-21,10:00
Dr. Morajsekar,2024-01-22,10:00
Dr. Morajsekar,2024-01-23,10:00
Dr. Morajsekar,2024-01-24,10:00
Dr. Morajsekar,2024-01-25,10:00
Dr. Morajsekar,2024-01-26,10:00
Dr. Morajsekar,2024-01-27,10:00
Dr. Morajsekar,2024-01-28,10:00
Dr. Morajsekar,2024-01-29,10:00
Dr. Morajsekar,2024-01-30,10:00
Dr. Morajsekar,2024-01-31,10:00
Dr. Morajsekar,2024-02-01,10:00
Dr. Morajsekar,2024-02-02,10:00
Dr. Morajsekar,2024-02-03,10:00
Dr. Morajsekar,2024-02-04,10:00
Dr. Morajsekar,2024-02-05,10:00
Dr. Morajsekar,2024-02-06,10:00
Dr. Morajsekar,2024-02-07,10:00
Dr. Morajsekar,2024-02-08,10:00
Dr. Morajsekar,2024-02-09,10:00
Dr. Morajsekar,2024-02-10,10:00
Dr. Morajsekar,2024-02-11,10:00
Dr. Morajsekar,2024-02-12,10:00
Dr. Morajsekar,2024-02-13,10:00
Dr. Morajsekar,2024-02-14,10:00
Dr. Morajsekar,2024-02-15,10:00
Dr. Morajsekar,2024-02-16,10:00
Dr. Morajsekar,2024-02-17,10:00
Dr. Morajsekar,2024-02-18,10:00
Dr. Morajsekar,2024-02-19,10:00
Dr. Morajsekar,2024-02-20,10:00
Dr. Morajsekar,2024-02-21,10:00
Dr. Morajsekar,2024-02-22,10:00
Dr. Morajsekar,2024-02-23,10:00
Dr. Morajsekar,2024-02-24,10:00
Dr. Morajsekar,2024-02-25,10:00
Dr. Morajsekar,2024-02-26,10:00
Dr. Morajsekar,2024-02-27,10:00
Dr. Morajsekar,2024-02-28,10:00
Dr. Morajsekar,2024-02-29,10:00
Dr. Morajsekar,2024-03-01,10:00
Dr. Morajsekar,2024-03-02,10:00
Dr. Morajsekar,2024-03-03,10:00
Dr. Morajsekar,2024-03-04,10:00
Dr. Morajsekar,2024-03-05,10:00
Dr. Morajsekar,2024-03-06,10:00
Dr. Saranya,2024-01-01,10:00
Dr. Saranya,2024-01-02,10:00
Dr. Saranya,2024-01-03,10:00
Dr. Saranya,2024-01-04,10:00
Dr. Saranya,2024-01-05,10:00
Dr. Saranya,2024-01-06,10:00
Dr. Saranya,2024-01-07,10:00
Dr. Saranya,2024-01-08,10:00
Dr. Saranya,2024-01-09,10:00
Dr. Saranya,2024-01-10,10:00
Dr. Saranya,2024-01-11,10:00
Dr. Saranya,2024-01-12,10:00
Dr. Saranya,2024-01-13,10:00
Dr. Saranya,2024-01-14,10:00
Dr. Saranya,2024-01-15,10:00
Dr. Saranya,2024-01-16,10:00
Dr. Saranya,2024-01-17,10:00
Dr. Saranya,2024-01-18,10:00
Dr. Saranya,2024-01-19,10:00
Dr. Saranya,2024-01-20,10:00
Dr. Saranya,2024-01-21,10:00
Dr. Saranya,2024-01-22,10:00
Dr. Saranya,2024-01-23,10:00
Dr. Saranya,2024-01-24,10:00
Dr. Saranya,2024-01-25,10:00
Dr. Saranya,2024-01-26,10:00
Dr. Saranya,2024-01-27,10:00
Dr. Saranya,2024-01-28,10:00
Dr. Saranya,2024-01-29,10:00
Dr. Saranya,2024-01-30,10:00
Dr. Saranya,2024-01-31,10:00
Dr. Saranya,2024-02-01,10:00
Dr. Saranya,2024-02-02,10:00
Dr. Saranya,2024-02-03,10:00
Dr. Saranya,2024-02-04,10:00
Dr. Saranya,2024-02-05,10:00
Dr. Saranya,2024-02-06,10:00
Dr. Saranya,2024-02-07,10:00
Dr. Saranya,2024-02-08,10:00
Dr. Saranya,2024-02-09,10:00
Dr. Saranya,2024-02-10,10:00
Dr. Saranya,2024-02-11,10:00
Dr. Saranya,2024-02-12,10:00
Dr. Saranya,2024-02-13,10:00
Dr. Saranya,2024-02-14,10:00
Dr. Saranya,2024-02-15,10:00
Dr. Saranya,2024-02-16,10:00
Dr. Saranya,2024-02-17,10:00
Dr. Saranya,2024-02-18,10:00
Dr. Saranya,2024-02-19,10:00
Dr. Saranya,2024-02-20,10:00
Dr. Saranya,2024-02-21,10:00
Dr. Saranya,2024-02-22,10:00
Dr. Saranya,2024-02-23,10:00
Dr. Saranya,2024-02-24,10:00
Dr. Saranya,2024-02-25,10:00
Dr. Saranya,2024-02-26,10:00
Dr. Saranya,2024-02-27,10:00
Dr. Saranya,2024-02-28,10:00
Dr. Saranya,2024-02-29,10:00
Dr. Saranya,2024-03-01,10:00
Dr. Sophia,2024-01-01,10:00
Dr. Sophia,2024-01-02,10:00
Dr. Sophia,2024-01-03,10:00
Dr. Sophia,2024-01-04,10:00
Dr. Sophia,2024-01-05,10:00
Dr. Sophia,2024-01-06,10:00
Dr. Sophia,2024-01-07,10:00
Dr. Sophia,2024-01-08,10:00
Dr. Sophia,2024-01-09,10:00
Dr. Sophia,2024-01-10,10:00
Dr. Sophia,2024-01-11,10:00
Dr. Sophia,2024-01-12,10:00
Dr. Sophia,2024-01-13,10:00
Dr. Sophia,2024-01-14,10:00
Dr. Sophia,2024-01-15,10:00
Dr. Sophia,2024-01-16,10:00
Dr. Sophia,2024-01-17,10:00
Dr. Sophia,2024-01-18,10:00
Dr. Sophia,2024-01-19,10:00
Dr. Sophia,2024-01-20,10:00
Dr. Sophia,2024-01-21,10:00
Dr. Sophia,2024-01-22,10:00
Dr. Sophia,2024-01-23,10:00
Dr. Sophia,2024-01-24,10:00
Dr. Sophia,2024-01-25,10:00
Dr. Sophia,2024-01-26,10:00
Dr. Sophia,2024-01-27,10:00
Dr. Sophia,2024-01-28,10:00
Dr. Sophia,2024-01-29,10:00
Dr. Sophia,2024-01-30,10:00
Dr. Sophia,2024-01-31,10:00
Dr. Sophia,2024-02-01,10:00
Dr. Sophia,2024-02-02,10:00
Dr. Sophia,2024-02-03,10:00
Dr. Sophia,2024-02-04,10:00
Dr. Sophia,2024-02-05,10:00
Dr. Sophia,2024-02-06,10:00
Dr. Sophia,2024-02-07,10:00
Dr. Sophia,2024-02-08,10:00
Dr. Sophia,2024-02-09,10:00
Dr. Sophia,2024-02-10,10:00
Dr. Sophia,2024-02-11,10:00
Dr. Sophia,2024-02-12,10:00
Dr. Sophia,2024-02-13,10:00
Dr. Sophia,2024-02-14,10:00
Dr. Sophia,2024-02-15,10:00
Dr. Sophia,2024-02-16,10:00
Dr. Sophia,2024-02-17,10:00
Dr. Sophia,2024-02-18,10:00
Dr. Sophia,2024-02-19,10:00
Dr. Sophia,2024-02-20,10:00
Dr. Manasa Yalla,2024-01-01,10:00
Dr. Manasa Yalla,2024-01-02,10:00
Dr. Manasa Yalla,2024-01-03,10:00
Dr. Manasa Yalla,2024-01-04,10:00
Dr. Manasa Yalla,2024-01-05,10:00
Dr. Manasa Yalla,2024-01-06,10:00
Dr. Manasa Yalla,2024-01-07,10:00
Dr. Manasa Yalla,2024-01-08,10:00
Dr. Manasa Yalla,2024-01-09,10:00
Dr. Manasa Yalla,2024-01-10,10:00
Dr. Manasa Yalla,2024-01-11,10:00
Dr. Manasa Yalla,2024-01-12,10:00
Dr. Manasa Yalla,2024-01-13,10:00
Dr. Manasa Yalla,2024-01-14,10:00
Dr. Manasa Yalla,2024-01-15,10:00
Dr. Manasa Yalla,2024-01-16,10:00
Dr. Manasa Yalla,2024-01-17,10:00
Dr. Manasa Yalla,2024-01-18,10:00
Dr. Manasa Yalla,2024-01-19,10:00
Dr. Manasa Yalla,2024-01-20,10:00
Dr. Manasa Yalla,2024-01-21,10:00
Dr. Manasa Yalla,2024-01-22,10:00
Dr. Manasa Yalla,2024-01-23,10:00
Dr. Manasa Yalla,2024-01-24,10:00
Dr. Manasa Yalla,2024-01-25,10:00
Dr. Manasa Yalla,2024-01-26,10:00
Dr. Manasa Yalla,2024-01-27,10:00
Dr. Manasa Yalla,2024-01-28,10:00
Dr. Manasa Yalla,2024-01-29,10:00
Dr. Manasa Yalla,2024-01-30,10:00
Dr. Manasa Yalla,2024-01-31,10:00
Dr. Manasa Yalla,2024-02-01,10:00
Dr. Manasa Yalla,2024-02-02,10:00
Dr. Manasa Yalla,2024-02-03,10:00
Dr. Manasa Yalla,2024-02-04,10:00
Dr. Manasa Yalla,2024-02-05,10:00
Dr. Manasa Yalla,2024-02-06,10:00
Dr. Manasa Yalla,2024-02-07,10:00
Dr. Manasa Yalla,2024-02-08,10:00
Dr. Manasa Yalla,2024-02-09,10:00
Dr. Manasa Yalla,2024-02-10,10:00
Dr. Manasa Yalla,2024-02-11,10:00
Dr. Manasa Yalla,2024-02-12,10:00
Dr. Manasa Yalla,2024-02-13,10:00
Dr. Manasa Yalla,2024-02-14,10:00
Dr. Manasa Yalla,2024-02-15,10:00
Dr. Manasa Yalla,2024-02-16,10:00
Dr. ISRAR KHAN,2024-01-01,10:00
Dr. ISRAR KHAN,2024-01-02,10:00
Dr. ISRAR KHAN,2024-01-03,10:00
Dr. ISRAR KHAN,2024-01-04,10:00
Dr. ISRAR KHAN,2024-01-05,10:00
Dr. ISRAR KHAN,2024-01-06,10:00
Dr. ISRAR KHAN,2024-01-07,10:00
Dr. ISRAR KHAN,2024-01-08,10:00
Dr. ISRAR KHAN,2024-01-09,10:00
Dr. ISRAR KHAN,2024-01-10,10:00
Dr. abid,2024-01-01,10:00
Dr. abid,2024-01-02,10:00
Dr. abid,2024-01-03,10:00
Dr. abid,2024-01-04,10:00
Dr. abid,2024-01-05,10:00
Dr. abid,2024-01-06,10:00
Dr. abid,2024-01-07,10:00
Dr. abid,2024-01-08,10:00
Dr. G Keerthana,2024-01-01,10:00
Dr. G Keerthana,2024-01-02,10:00
Dr. G Keerthana,2024-01-03,10:00
Dr. G Keerthana,2024-01-04,10:00
